competition,market_family,bookmaker,correlation_group,two_sided_line_count,target_snapshot_count,timestamped_snapshot_count,timestamp_complete_rate,eligible,two_sided_lines
Bundesliga,TOTAL_CORNERS,ballybet,PARX_RIVERS_RETAIL,11,3340,3340,1.0,True,3.5;4.5;5.5;6.5;7.5;8.5;9.5;10.5;11.5;12.5;13.5
Bundesliga,HOME_TEAM_TOTAL_CORNERS,ballybet,PARX_RIVERS_RETAIL,8,2199,2199,1.0,True,0.5;1.5;2.5;3.5;4.5;5.5;6.5;7.5
Bundesliga,AWAY_TEAM_TOTAL_CORNERS,ballybet,PARX_RIVERS_RETAIL,11,2719,2719,1.0,True,0.5;1.5;2.5;3.5;4.5;5.5;6.5;7.5;8.5;9.5;10.5
Bundesliga,TOTAL_CORNERS,betmgm,MGM,7,73,73,1.0,True,6.5;7.5;8.5;9.5;10.5;11.5;12.5
Bundesliga,HOME_TEAM_TOTAL_CORNERS,betmgm,MGM,4,37,37,1.0,True,1.5;2.5;3.5;4.5
Bundesliga,AWAY_TEAM_TOTAL_CORNERS,betmgm,MGM,3,48,48,1.0,True,5.5;6.5;7.5
Bundesliga,TOTAL_CORNERS,betparx,PARX_RIVERS_RETAIL,11,3441,3441,1.0,True,3.5;4.5;5.5;6.5;7.5;8.5;9.5;10.5;11.5;12.5;13.5
Bundesliga,HOME_TEAM_TOTAL_CORNERS,betparx,PARX_RIVERS_RETAIL,8,2257,2257,1.0,True,0.5;1.5;2.5;3.5;4.5;5.5;6.5;7.5
Bundesliga,AWAY_TEAM_TOTAL_CORNERS,betparx,PARX_RIVERS_RETAIL,11,2759,2759,1.0,True,0.5;1.5;2.5;3.5;4.5;5.5;6.5;7.5;8.5;9.5;10.5
Bundesliga,TOTAL_CORNERS,betrivers,PARX_RIVERS_RETAIL,11,3826,3826,1.0,True,3.5;4.5;5.5;6.5;7.5;8.5;9.5;10.5;11.5;12.5;13.5
Bundesliga,HOME_TEAM_TOTAL_CORNERS,betrivers,PARX_RIVERS_RETAIL,8,2485,2485,1.0,True,0.5;1.5;2.5;3.5;4.5;5.5;6.5;7.5
Bundesliga,AWAY_TEAM_TOTAL_CORNERS,betrivers,PARX_RIVERS_RETAIL,11,3232,3232,1.0,True,0.5;1.5;2.5;3.5;4.5;5.5;6.5;7.5;8.5;9.5;10.5
Bundesliga,TOTAL_CORNERS,borgata,MGM,7,94,94,1.0,True,6.5;7.5;8.5;9.5;10.5;11.5;12.5
Bundesliga,HOME_TEAM_TOTAL_CORNERS,borgata,MGM,4,45,45,1.0,True,1.5;2.5;3.5;4.5
Bundesliga,AWAY_TEAM_TOTAL_CORNERS,borgata,MGM,3,55,55,1.0,True,5.5;6.5;7.5
Bundesliga,TOTAL_CORNERS,draftkings,DRAFTKINGS,0,0,0,1.0,False,
Bundesliga,HOME_TEAM_TOTAL_CORNERS,draftkings,DRAFTKINGS,0,0,0,1.0,False,
Bundesliga,AWAY_TEAM_TOTAL_CORNERS,draftkings,DRAFTKINGS,0,0,0,1.0,False,
Bundesliga,TOTAL_CORNERS,fanduel,FANDUEL,0,0,0,1.0,False,
Bundesliga,HOME_TEAM_TOTAL_CORNERS,fanduel,FANDUEL,0,0,0,1.0,False,
Bundesliga,AWAY_TEAM_TOTAL_CORNERS,fanduel,FANDUEL,0,0,0,1.0,False,
Bundesliga,TOTAL_CORNERS,fourwinds,PARX_RIVERS_RETAIL,11,2215,2215,1.0,True,3.5;4.5;5.5;6.5;7.5;8.5;9.5;10.5;11.5;12.5;13.5
Bundesliga,HOME_TEAM_TOTAL_CORNERS,fourwinds,PARX_RIVERS_RETAIL,8,1449,1449,1.0,True,0.5;1.5;2.5;3.5;4.5;5.5;6.5;7.5
Bundesliga,AWAY_TEAM_TOTAL_CORNERS,fourwinds,PARX_RIVERS_RETAIL,11,1794,1794,1.0,True,0.5;1.5;2.5;3.5;4.5;5.5;6.5;7.5;8.5;9.5;10.5
Bundesliga,TOTAL_CORNERS,hardrockbet,HARDROCK,0,0,0,1.0,False,
Bundesliga,HOME_TEAM_TOTAL_CORNERS,hardrockbet,HARDROCK,0,0,0,1.0,False,
Bundesliga,AWAY_TEAM_TOTAL_CORNERS,hardrockbet,HARDROCK,0,0,0,1.0,False,
Championship,TOTAL_CORNERS,ballybet,PARX_RIVERS_RETAIL,10,1811,1811,1.0,True,5.5;6.5;7.5;8.5;9.5;10.5;11.5;12.5;13.5;14.5
Championship,HOME_TEAM_TOTAL_CORNERS,ballybet,PARX_RIVERS_RETAIL,9,831,831,1.0,True,2.5;3.5;4.5;5.5;6.5;7.5;8.5;9.5;10.5
Championship,AWAY_TEAM_TOTAL_CORNERS,ballybet,PARX_RIVERS_RETAIL,7,591,591,1.0,True,1.5;2.5;3.5;4.5;5.5;6.5;7.5
Championship,TOTAL_CORNERS,betmgm,MGM,7,47,47,1.0,True,6.5;7.5;8.5;9.5;10.5;11.5;12.5
Championship,HOME_TEAM_TOTAL_CORNERS,betmgm,MGM,3,264,264,1.0,True,4.5;5.5;6.5
Championship,AWAY_TEAM_TOTAL_CORNERS,betmgm,MGM,3,315,315,1.0,True,2.5;3.5;4.5
Championship,TOTAL_CORNERS,betparx,PARX_RIVERS_RETAIL,10,1145,1145,1.0,True,5.5;6.5;7.5;8.5;9.5;10.5;11.5;12.5;13.5;14.5
Championship,HOME_TEAM_TOTAL_CORNERS,betparx,PARX_RIVERS_RETAIL,9,599,599,1.0,True,2.5;3.5;4.5;5.5;6.5;7.5;8.5;9.5;10.5
Championship,AWAY_TEAM_TOTAL_CORNERS,betparx,PARX_RIVERS_RETAIL,7,423,423,1.0,True,1.5;2.5;3.5;4.5;5.5;6.5;7.5
Championship,TOTAL_CORNERS,betrivers,PARX_RIVERS_RETAIL,10,785,785,1.0,True,5.5;6.5;7.5;8.5;9.5;10.5;11.5;12.5;13.5;14.5
Championship,HOME_TEAM_TOTAL_CORNERS,betrivers,PARX_RIVERS_RETAIL,9,440,440,1.0,True,2.5;3.5;4.5;5.5;6.5;7.5;8.5;9.5;10.5
Championship,AWAY_TEAM_TOTAL_CORNERS,betrivers,PARX_RIVERS_RETAIL,7,358,358,1.0,True,1.5;2.5;3.5;4.5;5.5;6.5;7.5
Championship,TOTAL_CORNERS,borgata,MGM,7,44,44,1.0,True,6.5;7.5;8.5;9.5;10.5;11.5;12.5
Championship,HOME_TEAM_TOTAL_CORNERS,borgata,MGM,3,20,20,1.0,True,4.5;5.5;6.5
Championship,AWAY_TEAM_TOTAL_CORNERS,borgata,MGM,3,20,20,1.0,True,2.5;3.5;4.5
Championship,TOTAL_CORNERS,draftkings,DRAFTKINGS,0,0,0,1.0,False,
Championship,HOME_TEAM_TOTAL_CORNERS,draftkings,DRAFTKINGS,0,0,0,1.0,False,
Championship,AWAY_TEAM_TOTAL_CORNERS,draftkings,DRAFTKINGS,0,0,0,1.0,False,
Championship,TOTAL_CORNERS,fanduel,FANDUEL,0,0,0,1.0,False,
Championship,HOME_TEAM_TOTAL_CORNERS,fanduel,FANDUEL,0,0,0,1.0,False,
Championship,AWAY_TEAM_TOTAL_CORNERS,fanduel,FANDUEL,0,0,0,1.0,False,
Championship,TOTAL_CORNERS,fourwinds,PARX_RIVERS_RETAIL,10,1342,1342,1.0,True,5.5;6.5;7.5;8.5;9.5;10.5;11.5;12.5;13.5;14.5
Championship,HOME_TEAM_TOTAL_CORNERS,fourwinds,PARX_RIVERS_RETAIL,9,623,623,1.0,True,2.5;3.5;4.5;5.5;6.5;7.5;8.5;9.5;10.5
Championship,AWAY_TEAM_TOTAL_CORNERS,fourwinds,PARX_RIVERS_RETAIL,7,434,434,1.0,True,1.5;2.5;3.5;4.5;5.5;6.5;7.5
Championship,TOTAL_CORNERS,hardrockbet,HARDROCK,0,0,0,1.0,False,
Championship,HOME_TEAM_TOTAL_CORNERS,hardrockbet,HARDROCK,0,0,0,1.0,False,
Championship,AWAY_TEAM_TOTAL_CORNERS,hardrockbet,HARDROCK,0,0,0,1.0,False,
LaLiga,TOTAL_CORNERS,ballybet,PARX_RIVERS_RETAIL,12,5703,5703,1.0,True,3.5;4.5;5.5;6.5;7.5;8.5;9.5;10.5;11.5;12.5;13.5;14.5
LaLiga,HOME_TEAM_TOTAL_CORNERS,ballybet,PARX_RIVERS_RETAIL,9,4675,4675,1.0,True,1.5;2.5;3.5;4.5;5.5;6.5;7.5;8.5;9.5
LaLiga,AWAY_TEAM_TOTAL_CORNERS,ballybet,PARX_RIVERS_RETAIL,9,4052,4052,1.0,True,0.5;1.5;2.5;3.5;4.5;5.5;6.5;7.5;8.5
LaLiga,TOTAL_CORNERS,betmgm,MGM,7,51,51,1.0,True,6.5;7.5;8.5;9.5;10.5;11.5;12.5
LaLiga,HOME_TEAM_TOTAL_CORNERS,betmgm,MGM,3,24,24,1.0,True,3.5;4.5;5.5
LaLiga,AWAY_TEAM_TOTAL_CORNERS,betmgm,MGM,3,15,15,1.0,True,3.5;4.5;5.5
LaLiga,TOTAL_CORNERS,betparx,PARX_RIVERS_RETAIL,12,3848,3848,1.0,True,3.5;4.5;5.5;6.5;7.5;8.5;9.5;10.5;11.5;12.5;13.5;14.5
LaLiga,HOME_TEAM_TOTAL_CORNERS,betparx,PARX_RIVERS_RETAIL,9,3196,3196,1.0,True,1.5;2.5;3.5;4.5;5.5;6.5;7.5;8.5;9.5
LaLiga,AWAY_TEAM_TOTAL_CORNERS,betparx,PARX_RIVERS_RETAIL,9,2737,2737,1.0,True,0.5;1.5;2.5;3.5;4.5;5.5;6.5;7.5;8.5
LaLiga,TOTAL_CORNERS,betrivers,PARX_RIVERS_RETAIL,12,4014,4014,1.0,True,3.5;4.5;5.5;6.5;7.5;8.5;9.5;10.5;11.5;12.5;13.5;14.5
LaLiga,HOME_TEAM_TOTAL_CORNERS,betrivers,PARX_RIVERS_RETAIL,9,3347,3347,1.0,True,1.5;2.5;3.5;4.5;5.5;6.5;7.5;8.5;9.5
LaLiga,AWAY_TEAM_TOTAL_CORNERS,betrivers,PARX_RIVERS_RETAIL,9,2865,2865,1.0,True,0.5;1.5;2.5;3.5;4.5;5.5;6.5;7.5;8.5
LaLiga,TOTAL_CORNERS,borgata,MGM,7,79,79,1.0,True,6.5;7.5;8.5;9.5;10.5;11.5;12.5
LaLiga,HOME_TEAM_TOTAL_CORNERS,borgata,MGM,3,36,36,1.0,True,3.5;4.5;5.5
LaLiga,AWAY_TEAM_TOTAL_CORNERS,borgata,MGM,3,27,27,1.0,True,3.5;4.5;5.5
LaLiga,TOTAL_CORNERS,draftkings,DRAFTKINGS,7,851,851,1.0,True,5.5;6.5;7.5;8.5;9.5;10.5;11.5
LaLiga,HOME_TEAM_TOTAL_CORNERS,draftkings,DRAFTKINGS,1,25,25,1.0,True,4.5
LaLiga,AWAY_TEAM_TOTAL_CORNERS,draftkings,DRAFTKINGS,1,21,21,1.0,True,4.5
LaLiga,TOTAL_CORNERS,fanduel,FANDUEL,0,0,0,1.0,False,
LaLiga,HOME_TEAM_TOTAL_CORNERS,fanduel,FANDUEL,0,0,0,1.0,False,
LaLiga,AWAY_TEAM_TOTAL_CORNERS,fanduel,FANDUEL,0,0,0,1.0,False,
LaLiga,TOTAL_CORNERS,fourwinds,PARX_RIVERS_RETAIL,12,2174,2174,1.0,True,3.5;4.5;5.5;6.5;7.5;8.5;9.5;10.5;11.5;12.5;13.5;14.5
LaLiga,HOME_TEAM_TOTAL_CORNERS,fourwinds,PARX_RIVERS_RETAIL,9,1777,1777,1.0,True,1.5;2.5;3.5;4.5;5.5;6.5;7.5;8.5;9.5
LaLiga,AWAY_TEAM_TOTAL_CORNERS,fourwinds,PARX_RIVERS_RETAIL,9,1537,1537,1.0,True,0.5;1.5;2.5;3.5;4.5;5.5;6.5;7.5;8.5
LaLiga,TOTAL_CORNERS,hardrockbet,HARDROCK,0,0,0,1.0,False,
LaLiga,HOME_TEAM_TOTAL_CORNERS,hardrockbet,HARDROCK,0,0,0,1.0,False,
LaLiga,AWAY_TEAM_TOTAL_CORNERS,hardrockbet,HARDROCK,0,0,0,1.0,False,
Premier League,TOTAL_CORNERS,ballybet,PARX_RIVERS_RETAIL,12,4091,4091,1.0,True,5.5;6.5;7.5;8.5;9.5;10.5;11.5;12.5;13.5;14.5;15.5;16.5
Premier League,HOME_TEAM_TOTAL_CORNERS,ballybet,PARX_RIVERS_RETAIL,9,2927,2927,1.0,True,2.5;3.5;4.5;5.5;6.5;7.5;8.5;9.5;10.5
Premier League,AWAY_TEAM_TOTAL_CORNERS,ballybet,PARX_RIVERS_RETAIL,8,3077,3077,1.0,True,1.5;2.5;3.5;4.5;5.5;6.5;7.5;8.5
Premier League,TOTAL_CORNERS,betmgm,MGM,7,47,47,1.0,True,6.5;7.5;8.5;9.5;10.5;11.5;12.5
Premier League,HOME_TEAM_TOTAL_CORNERS,betmgm,MGM,0,0,0,1.0,False,
Premier League,AWAY_TEAM_TOTAL_CORNERS,betmgm,MGM,3,301,301,1.0,True,3.5;4.5;5.5
Premier League,TOTAL_CORNERS,betparx,PARX_RIVERS_RETAIL,12,4031,4031,1.0,True,5.5;6.5;7.5;8.5;9.5;10.5;11.5;12.5;13.5;14.5;15.5;16.5
Premier League,HOME_TEAM_TOTAL_CORNERS,betparx,PARX_RIVERS_RETAIL,10,2912,2912,1.0,True,2.5;3.5;4.5;5.5;6.5;7.5;8.5;9.5;10.5;11.5
Premier League,AWAY_TEAM_TOTAL_CORNERS,betparx,PARX_RIVERS_RETAIL,9,3039,3039,1.0,True,1.5;2.5;3.5;4.5;5.5;6.5;7.5;8.5;9.5
Premier League,TOTAL_CORNERS,betrivers,PARX_RIVERS_RETAIL,12,2723,2723,1.0,True,5.5;6.5;7.5;8.5;9.5;10.5;11.5;12.5;13.5;14.5;15.5;16.5
Premier League,HOME_TEAM_TOTAL_CORNERS,betrivers,PARX_RIVERS_RETAIL,9,1971,1971,1.0,True,2.5;3.5;4.5;5.5;6.5;7.5;8.5;9.5;10.5
Premier League,AWAY_TEAM_TOTAL_CORNERS,betrivers,PARX_RIVERS_RETAIL,8,2094,2094,1.0,True,1.5;2.5;3.5;4.5;5.5;6.5;7.5;8.5
Premier League,TOTAL_CORNERS,borgata,MGM,7,70,70,1.0,True,6.5;7.5;8.5;9.5;10.5;11.5;12.5
Premier League,HOME_TEAM_TOTAL_CORNERS,borgata,MGM,0,0,0,1.0,False,
Premier League,AWAY_TEAM_TOTAL_CORNERS,borgata,MGM,3,39,39,1.0,True,3.5;4.5;5.5
Premier League,TOTAL_CORNERS,draftkings,DRAFTKINGS,0,0,0,1.0,False,
Premier League,HOME_TEAM_TOTAL_CORNERS,draftkings,DRAFTKINGS,0,0,0,1.0,False,
Premier League,AWAY_TEAM_TOTAL_CORNERS,draftkings,DRAFTKINGS,0,0,0,1.0,False,
Premier League,TOTAL_CORNERS,fanduel,FANDUEL,0,0,0,1.0,False,
Premier League,HOME_TEAM_TOTAL_CORNERS,fanduel,FANDUEL,0,0,0,1.0,False,
Premier League,AWAY_TEAM_TOTAL_CORNERS,fanduel,FANDUEL,0,0,0,1.0,False,
Premier League,TOTAL_CORNERS,fourwinds,PARX_RIVERS_RETAIL,12,2368,2368,1.0,True,5.5;6.5;7.5;8.5;9.5;10.5;11.5;12.5;13.5;14.5;15.5;16.5
Premier League,HOME_TEAM_TOTAL_CORNERS,fourwinds,PARX_RIVERS_RETAIL,9,1764,1764,1.0,True,2.5;3.5;4.5;5.5;6.5;7.5;8.5;9.5;10.5
Premier League,AWAY_TEAM_TOTAL_CORNERS,fourwinds,PARX_RIVERS_RETAIL,8,1874,1874,1.0,True,1.5;2.5;3.5;4.5;5.5;6.5;7.5;8.5
Premier League,TOTAL_CORNERS,hardrockbet,HARDROCK,0,0,0,1.0,False,
Premier League,HOME_TEAM_TOTAL_CORNERS,hardrockbet,HARDROCK,0,0,0,1.0,False,
Premier League,AWAY_TEAM_TOTAL_CORNERS,hardrockbet,HARDROCK,0,0,0,1.0,False,
